fam,member_id,source_file,channel,start,end,fs,ptp_mV,flagged,best_abs_r,best_r,best_sib_ch,best_ratio,best_sib_clears
F-39,163,M2_aug_concat_fs1.mat,0,1055932,1056006,1.0,25.504276721880956,True,0.957950971685851,-0.957950971685851,2,0.02223056812767146,True
F-130,526,M2_aug_concat_fs1.mat,0,1213678,1213697,1.0,0.46160268881612865,True,0.9799670347029912,0.9799670347029912,15,0.4338604531012437,True
F-130,528,M2_aug_concat_fs1.mat,0,1214643,1214672,1.0,0.5136666484402213,True,0.9831102203331004,0.9831102203331004,4,0.4254531194346253,True
F-130,541,M2_aug_concat_fs1.mat,0,1132900,1132914,1.0,0.452575732331411,True,0.9199995541452274,0.9199995541452274,2,0.2872854910849758,True
F-130,555,M2_aug_concat_fs1.mat,0,1135430,1135446,1.0,0.6970934847169588,True,0.9480402668938267,0.9480402668938267,4,0.24903209083420144,True
F-130,584,M2_aug_concat_fs1.mat,0,1048111,1049154,1.0,36.12623810705196,True,0.9349167026898432,0.9349167026898432,6,0.03907372586548835,True
F-130,621,M2_aug_concat_fs1.mat,1,1448837,1450800,1.0,14.197150032970626,True,0.980039587121697,0.980039587121697,2,0.5862007069670633,True
F-39,770,M2_aug_concat_fs1.mat,1,1117856,1118700,1.0,8.386471736706426,True,0.8912714054089171,-0.8912714054089171,9,0.10012462467403628,True
F-130,807,M2_aug_concat_fs1.mat,6,2320344,2320908,1.0,3.119444853650066,True,0.9754600843729606,0.9754600843729606,5,1.1124549783481017,True
F-130,808,M2_aug_concat_fs1.mat,6,2324789,2325360,1.0,3.836200443577809,True,0.9910895031388,0.9910895031388,5,1.0852866754808057,True
F-130,828,M2_aug_concat_fs1.mat,6,2381974,2382991,1.0,1.206228200524265,True,0.9933813410738453,0.9933813410738453,4,2.794092750665745,True
F-130,830,M2_aug_concat_fs1.mat,6,2388746,2389620,1.0,0.7058797520855933,True,0.9946138164131827,0.9946138164131827,8,1.2273963338146625,True
F-130,832,M2_aug_concat_fs1.mat,6,2391279,2391552,1.0,0.5262820379857658,True,0.9925491271265412,0.9925491271265412,4,2.1169406245096245,True
F-130,840,M2_aug_concat_fs1.mat,6,2415939,2416920,1.0,0.9949578457410553,True,0.9964662062598623,0.9964662062598623,14,0.8816223999297577,True
F-130,841,M2_aug_concat_fs1.mat,6,2417151,2417508,1.0,0.7895902903526348,True,0.9861416778122416,0.9861416778122416,2,14.028586750682226,True
F-130,842,M2_aug_concat_fs1.mat,6,2422348,2423362,1.0,0.9167107288508305,True,0.9963512220999183,0.9963512220999183,5,1.0765348511312862,True
F-130,845,M2_aug_concat_fs1.mat,6,2438403,2438676,1.0,0.6367409951544687,True,0.9920178474266224,0.9920178474266224,2,11.284532006145035,True
F-130,846,M2_aug_concat_fs1.mat,6,2440083,2440356,1.0,0.5810429506332184,True,0.9964982971390574,0.9964982971390574,7,0.9052499713079434,True
F-130,847,M2_aug_concat_fs1.mat,6,2446739,2447753,1.0,1.0393589061222883,True,0.9990467177010087,0.9990467177010087,5,1.0679623729317673,True
F-119,1054,M2_aug_concat_fs1.mat,15,169546,169644,1.0,6.600785491973056,True,0.9889086230071886,0.9889086230071886,7,0.4518932023533861,True
F-119,1055,M2_aug_concat_fs1.mat,15,169577,169684,1.0,5.664076128233319,True,0.9902484685937792,0.9902484685937792,7,0.4890167978346469,True
F-119,1193,Fig2A_dt0p1.csv,0,704,715,10.0,0.05195676095969998,True,0.9836861855290177,0.9836861855290177,3,2.1476346944092866,True
F-39,1238,Fig2A_dt0p1.csv,0,2220,2231,10.0,0.12978151741830002,True,0.9291166512096257,-0.9291166512096257,4,1.1794588798398182,True
F-39,1253,Fig2A_dt0p1.csv,0,2528,2540,10.0,0.1536852606971001,True,0.8543162721248146,0.8543162721248146,4,0.6573276679694384,True
F-39,1278,Fig2A_dt0p1.csv,0,3246,3266,10.0,0.30986499049690003,True,0.9037766193829734,0.9037766193829734,4,0.4100264187688898,True
F-130,1295,Fig2A_dt0p1.csv,0,3695,3730,10.0,0.37825783095099996,True,0.9301985775525509,0.9301985775525509,1,1.434331376613806,True
F-119,1305,Fig2A_dt0p1.csv,0,3986,4064,10.0,0.4841893044015978,True,0.8825860824818866,0.8825860824818866,1,2.5764819653108044,True
F-130,1342,Fig2A_dt0p1.csv,0,5072,5095,10.0,0.3625648037738014,True,0.9578728166184497,0.9578728166184497,2,0.2004306962041391,False
F-39,1347,Fig2A_dt0p1.csv,0,5176,5192,10.0,0.47172098144795954,True,0.8483230740554105,-0.8483230740554105,4,0.26060649727440494,True
F-119,1355,Fig2A_dt0p1.csv,0,5449,5460,10.0,0.060319892809200026,True,0.9524434653720348,0.9524434653720348,1,1.1909671756317888,False
F-119,1364,Fig2A_dt0p1.csv,0,5650,5702,10.0,0.3624347077811001,True,0.8915533834338714,-0.8915533834338714,1,2.019224300533899,True
F-39,1407,Fig2A_dt0p1.csv,0,6750,6762,10.0,0.1382175027454,True,0.980356840106028,0.980356840106028,3,0.9614618290486248,True
F-130,1443,Fig2A_dt0p1.csv,0,7646,7668,10.0,0.3611762962967999,True,0.9133613767445484,-0.9133613767445484,2,0.26653995506751355,False
F-39,1448,Fig2A_dt0p1.csv,0,7750,7770,10.0,0.6027971866756,True,0.9696798685346988,0.9696798685346988,2,0.4996447541710633,True
F-39,1451,Fig2A_dt0p1.csv,0,7950,7968,10.0,0.23859690242700005,True,0.8936836013959901,0.8936836013959901,2,0.3784363077258547,False
F-130,1490,Fig2A_dt0p1.csv,0,9154,9210,10.0,0.27767654060850006,True,0.7984234610892356,-0.7984234610892356,3,3.029589408722086,True
F-130,1529,Fig2A_dt0p1.csv,0,10334,10356,10.0,0.15546789796240001,True,0.9729592315630016,0.9729592315630016,2,0.9798260456852725,True
F-119,1540,Fig2A_dt0p1.csv,0,10636,10646,10.0,0.08698008640189991,True,0.9932006853627915,0.9932006853627915,2,0.6689344056932223,False
F-119,1546,Fig2A_dt0p1.csv,0,10896,10906,10.0,0.0605181527974684,True,0.9986450218482819,0.9986450218482819,2,0.9113206789931486,False
F-39,1549,Fig2A_dt0p1.csv,0,10960,10971,10.0,0.1784119393191,True,0.9693181149230448,0.9693181149230448,2,7.3062224626160495,True
F-119,1552,Fig2A_dt0p1.csv,0,11078,11088,10.0,0.1351469800045999,True,0.9932885282109221,0.9932885282109221,2,1.0612542623735919,True
F-39,1557,Fig2A_dt0p1.csv,0,11406,11422,10.0,0.2635771241514214,True,0.9650781812060736,0.9650781812060736,2,0.3145781901761932,False
F-39,1558,Fig2A_dt0p1.csv,0,11494,11515,10.0,1.0704594752985002,True,0.9204936932974365,-0.9204936932974365,2,0.23186029072505498,True
F-39,1560,Fig2A_dt0p1.csv,0,11580,11592,10.0,0.15603470466770003,True,0.9818195031866644,0.9818195031866644,1,1.9451715128982396,True
F-119,1561,Fig2A_dt0p1.csv,0,11598,11608,10.0,0.07797833569919999,True,0.9473779933301145,0.9473779933301145,1,1.4418896190375292,True
F-39,1662,Fig2A_dt0p1.csv,1,2138,2148,10.0,0.37411370094109997,True,0.9641644782518994,0.9641644782518994,0,0.3168438530317223,True
F-39,1701,Fig2A_dt0p1.csv,1,3070,3090,10.0,0.30929725443699996,True,0.8578842337236496,-0.8578842337236496,0,0.40495510723814776,True
F-119,1757,Fig2A_dt0p1.csv,1,4304,4334,10.0,0.36014598484010013,True,0.9071598726016684,0.9071598726016684,4,1.5717388092579436,True
F-39,1812,Fig2A_dt0p1.csv,1,5384,5396,10.0,0.20515141092409994,True,0.9884486618087539,0.9884486618087539,0,2.9821184029245744,True
F-39,1964,Fig2A_dt0p1.csv,1,8434,8446,10.0,0.4944152163679001,True,0.9694719049430591,0.9694719049430591,4,0.20645141920277496,True
F-39,1977,Fig2A_dt0p1.csv,1,8764,8780,10.0,0.25140661145309995,True,0.8224626590836135,-0.8224626590836135,0,0.803885503893768,True
F-119,1990,Fig2A_dt0p1.csv,1,9076,9110,10.0,0.45026742200220005,True,0.899837935642263,0.899837935642263,3,1.5433135960129594,True
F-130,1994,Fig2A_dt0p1.csv,1,9190,9246,10.0,0.5512268423499002,True,0.9583428782856347,0.9583428782856347,2,0.3449586224246295,True
F-130,2036,Fig2A_dt0p1.csv,1,10100,10146,10.0,0.4885604436241999,True,0.8379454747376528,0.8379454747376528,4,0.6151678038189274,True
F-119,2081,Fig2A_dt0p1.csv,1,11068,11096,10.0,0.4058244096278001,True,0.9283980616531143,0.9283980616531143,0,0.8695285046457368,True
F-130,2104,Fig2A_dt0p1.csv,1,11640,11680,10.0,0.4270382490996,True,0.9626551275064733,-0.9626551275064733,4,1.7521239555623234,True
F-130,2133,Fig2A_dt0p1.csv,2,230,310,10.0,0.6308387923738001,True,0.972710171366522,0.972710171366522,0,1.495074804768412,True
F-39,2211,Fig2A_dt0p1.csv,2,2106,2136,10.0,0.5425819847195,True,0.893672457691342,0.893672457691342,4,0.22378547482307545,True
F-119,2230,Fig2A_dt0p1.csv,2,2810,2820,10.0,0.07241155725359993,True,0.9799870123763776,0.9799870123763776,0,1.6672309814268476,True
F-39,2254,Fig2A_dt0p1.csv,2,3326,3337,10.0,0.11090050481550001,True,0.8620293471239383,0.8620293471239383,1,1.2580535901962258,True
F-119,2297,Fig2A_dt0p1.csv,2,3876,3886,10.0,0.04557007843499994,True,0.9848995687392351,0.9848995687392351,3,1.9917905636626572,False
F-119,2313,Fig2A_dt0p1.csv,2,4162,4172,10.0,0.05498252717219998,True,0.9787178307969551,0.9787178307969551,4,1.085158031789551,False
F-130,2325,Fig2A_dt0p1.csv,2,4284,4315,10.0,0.10643584372050002,True,0.9312059587964197,0.9312059587964197,4,6.2783649115217495,True
F-130,2348,Fig2A_dt0p1.csv,2,4599,4625,10.0,0.08797798600640006,True,0.9756102757348807,0.9756102757348807,0,2.75139142714595,True
F-119,2354,Fig2A_dt0p1.csv,2,4734,4744,10.0,0.0633713454921001,True,0.9713854588912703,0.9713854588912703,3,2.3059335890795727,True
F-39,2409,Fig2A_dt0p1.csv,2,5574,5598,10.0,0.30767265932710003,True,0.9151997087321693,-0.9151997087321693,0,0.7227051343138784,True
F-130,2422,Fig2A_dt0p1.csv,2,5784,5805,10.0,0.0814436549998,True,0.9619365134684165,0.9619365134684165,1,4.162037048776359,True
F-39,2436,Fig2A_dt0p1.csv,2,6038,6048,10.0,0.16757394154950012,True,0.9344294587584132,-0.9344294587584132,0,1.0465734589151179,True
F-119,2438,Fig2A_dt0p1.csv,2,6112,6122,10.0,0.06216588053759997,True,0.9579497998265971,0.9579497998265971,0,3.187410419068277,True
F-130,2446,Fig2A_dt0p1.csv,2,6302,6316,10.0,0.09203972815240002,True,0.8935848908651101,-0.8935848908651101,1,2.1013124799571323,True
F-130,2486,Fig2A_dt0p1.csv,2,7200,7218,10.0,0.1573616566763001,True,0.9755183044679873,0.9755183044679873,0,1.5025493450404255,True
F-119,2488,Fig2A_dt0p1.csv,2,7230,7240,10.0,0.08496190573669993,True,0.9925558411171025,0.9925558411171025,0,1.638522773768538,True
F-130,2490,Fig2A_dt0p1.csv,2,7218,7255,10.0,0.3403825365195001,True,0.8850671965550069,0.8850671965550069,0,0.769929733640099,True
F-119,2491,Fig2A_dt0p1.csv,2,7256,7266,10.0,0.04867511501130006,True,0.9815266605674298,0.9815266605674298,4,1.9975426694755136,False
F-119,2498,Fig2A_dt0p1.csv,2,7334,7344,10.0,0.10079012103599994,True,0.9976762601081777,0.9976762601081777,0,1.2034550022711332,True
F-119,2505,Fig2A_dt0p1.csv,2,7412,7422,10.0,0.05887863852780001,True,0.9706779871096256,0.9706779871096256,3,2.0780319520079984,True
F-130,2518,Fig2A_dt0p1.csv,2,7534,7565,10.0,0.1542688951417544,True,0.9018120337250011,-0.9018120337250011,4,3.1583010303774905,True
F-39,2555,Fig2A_dt0p1.csv,2,8000,8016,10.0,0.07143564942089997,True,0.7380405299819874,0.7380405299819874,3,7.861656790257885,True
F-119,2572,Fig2A_dt0p1.csv,2,8218,8228,10.0,0.04273619562410014,True,0.9466584331363659,0.9466584331363659,0,2.158398120659627,False
F-39,2577,Fig2A_dt0p1.csv,2,8278,8298,10.0,0.07480052487369993,True,0.8838095072303188,0.8838095072303188,0,6.571297493367264,True
F-119,2580,Fig2A_dt0p1.csv,2,8291,8345,10.0,0.10550410820579992,True,0.9497675216849699,0.9497675216849699,4,2.722079799752405,True
F-39,2610,Fig2A_dt0p1.csv,2,8854,8874,10.0,0.07253196208299995,True,0.8962881885618124,0.8962881885618124,0,0.8452936038037544,False
F-119,2615,Fig2A_dt0p1.csv,2,8946,8956,10.0,0.049907668166900065,True,0.9836559963162262,0.9836559963162262,4,2.009882461912475,True
F-130,2641,Fig2A_dt0p1.csv,2,9190,9255,10.0,0.21393560671699985,True,0.9279866389087532,0.9279866389087532,3,4.1870360205961115,True
F-130,2649,Fig2A_dt0p1.csv,2,9316,9360,10.0,0.18283387385689998,True,0.8819763264534927,-0.8819763264534927,4,3.8247561613656917,True
F-130,2650,Fig2A_dt0p1.csv,2,9359,9380,10.0,0.1332679628203997,True,0.9730404669042172,0.9730404669042172,0,4.151779669541892,True
F-39,2660,Fig2A_dt0p1.csv,2,9484,9488,10.0,0.027970717677800003,True,0.7824905520717542,-0.7824905520717542,1,1.5494326959045974,False
F-119,2672,Fig2A_dt0p1.csv,2,9804,9814,10.0,0.10772169671469989,True,0.5229162864993435,0.5229162864993435,1,0.25206787107443,False
F-130,2685,Fig2A_dt0p1.csv,2,10176,10188,10.0,0.14798271146649977,True,0.9970442939105415,0.9970442939105415,3,1.3577897748007286,True
F-119,2688,Fig2A_dt0p1.csv,2,10272,10282,10.0,0.05483551683219989,True,0.9702570952659924,0.9702570952659924,4,2.452083748223983,True
F-119,2690,Fig2A_dt0p1.csv,2,10298,10308,10.0,0.07557414391719997,True,0.9764038663869989,0.9764038663869989,0,1.2500339489032504,False
F-119,2691,Fig2A_dt0p1.csv,2,10324,10334,10.0,0.06539821946470004,True,0.9909971258934958,0.9909971258934958,4,1.4461581621145423,False
F-130,2693,Fig2A_dt0p1.csv,2,10319,10350,10.0,0.243368083302,True,0.9853734883936748,0.9853734883936748,4,1.0087072004966373,True
F-119,2701,Fig2A_dt0p1.csv,2,10454,10464,10.0,0.071108136032,True,0.9855713521332286,0.9855713521332286,0,1.5335147636232158,True
F-39,2705,Fig2A_dt0p1.csv,2,10508,10526,10.0,0.11568505594559997,True,0.9198325388942261,0.9198325388942261,0,1.2021283256213822,True
F-130,2712,Fig2A_dt0p1.csv,2,10579,10605,10.0,0.1326325393100634,True,0.9489617848933352,0.9489617848933352,1,3.3353163974561353,True
F-119,2713,Fig2A_dt0p1.csv,2,10610,10620,10.0,0.0672110411398466,True,0.7402378176147721,-0.7402378176147721,1,0.4743519537193821,False
F-130,2728,Fig2A_dt0p1.csv,2,11060,11070,10.0,0.15138239514660023,True,0.9731065713116326,-0.9731065713116326,1,3.7458749945576812,True
F-119,2729,Fig2A_dt0p1.csv,2,11078,11088,10.0,0.14342530857680025,True,0.9932885282109221,0.9932885282109221,0,0.9422812566739744,True
F-119,2737,Fig2A_dt0p1.csv,2,11234,11245,10.0,0.07183525025600002,True,0.9946633674258571,0.9946633674258571,4,1.4129229257250684,True
F-119,2743,Fig2A_dt0p1.csv,2,11364,11374,10.0,0.07392228563359993,True,0.9957684523169824,0.9957684523169824,0,1.1293674993032592,False
F-119,2745,Fig2A_dt0p1.csv,2,11390,11400,10.0,0.07940893301609986,True,0.9817798233827727,0.9817798233827727,4,2.558028665675639,True
F-119,2753,Fig2A_dt0p1.csv,2,11494,11504,10.0,0.09721890914130005,True,0.9501245546923457,-0.9501245546923457,0,7.282838132265345,True
F-130,2754,Fig2A_dt0p1.csv,2,11502,11512,10.0,0.14605757314270007,True,0.9980058061795433,0.9980058061795433,4,1.2950984741434073,True
F-130,2794,Fig2A_dt0p1.csv,3,136,146,10.0,0.18866408670290002,True,0.9987672636097621,0.9987672636097621,0,1.0088824697290641,True
F-130,2828,Fig2A_dt0p1.csv,3,1250,1288,10.0,0.2832861200444681,True,0.793034808349856,0.793034808349856,0,0.6288192401821084,True
F-39,2853,Fig2A_dt0p1.csv,3,2228,2244,10.0,0.32475315313569997,True,0.8810133001809499,-0.8810133001809499,0,0.3069172379165519,False
F-130,2877,Fig2A_dt0p1.csv,3,2927,2960,10.0,0.10203157284477227,True,0.9704438623066385,0.9704438623066385,2,1.5529254089737217,True
F-119,2883,Fig2A_dt0p1.csv,3,3122,3132,10.0,0.06740895509243669,True,0.9752710380215351,0.9752710380215351,1,2.076662635098559,True
F-39,2902,Fig2A_dt0p1.csv,3,3684,3696,10.0,0.1258400732781,True,0.8048868746092296,-0.8048868746092296,1,1.1725844171157167,True
F-130,2921,Fig2A_dt0p1.csv,3,4162,4198,10.0,0.3032352718508886,True,0.9658452196543501,0.9658452196543501,2,0.8830071881600446,True
F-39,2924,Fig2A_dt0p1.csv,3,4236,4253,10.0,0.5799664548863,True,0.9308708398261883,0.9308708398261883,4,0.4630350739527025,True
F-130,2984,Fig2A_dt0p1.csv,3,6228,6250,10.0,0.3441949916896999,True,0.7953453426676428,-0.7953453426676428,4,2.571582978409989,True
F-39,3056,Fig2A_dt0p1.csv,3,7976,8006,10.0,0.34534596824700003,True,0.8758227314470267,0.8758227314470267,4,2.8240558847287835,True
F-39,3125,Fig2A_dt0p1.csv,3,10118,10130,10.0,0.16410977476040012,True,0.8499687801824631,-0.8499687801824631,1,1.8744260232366552,True
F-119,3131,Fig2A_dt0p1.csv,3,10324,10347,10.0,0.2698858180153001,True,0.9805558058647975,0.9805558058647975,2,0.6598534356759133,True
F-130,3141,Fig2A_dt0p1.csv,3,10598,10602,10.0,0.05536113232020001,True,0.9965285528561093,0.9965285528561093,1,1.0604178948771177,False
F-130,3150,Fig2A_dt0p1.csv,3,10800,10812,10.0,0.18943231904660002,True,0.9919177557142972,0.9919177557142972,0,0.8003149978964541,True
F-39,3216,Fig2A_dt0p1.csv,4,768,830,10.0,0.5860747111157,True,0.855531453796433,0.855531453796433,2,0.5645146570284034,True
F-130,3232,Fig2A_dt0p1.csv,4,1200,1222,10.0,0.2024419359888268,True,0.8132264277238966,-0.8132264277238966,1,3.043989672745034,True
F-39,3275,Fig2A_dt0p1.csv,4,2104,2132,10.0,0.1277906313209349,True,0.9143192447425206,0.9143192447425206,2,5.375876666559331,True
F-39,3308,Fig2A_dt0p1.csv,4,2746,2768,10.0,0.6053701167043,True,0.9328716667701978,-0.9328716667701978,2,0.16019538809836822,False
F-39,3312,Fig2A_dt0p1.csv,4,2894,2918,10.0,1.1719157873377002,True,0.9449211412109761,-0.9449211412109761,3,0.19869564646422877,True
F-130,3323,Fig2A_dt0p1.csv,4,3226,3250,10.0,0.1762435852519,True,0.8338747396205535,-0.8338747396205535,3,1.4067981533000962,True
F-39,3365,Fig2A_dt0p1.csv,4,4632,4666,10.0,0.4717230725532,True,0.861551792664776,-0.861551792664776,1,0.3648741034336171,True
F-39,3387,Fig2A_dt0p1.csv,4,5422,5433,10.0,0.3022109708995,True,0.7788114828800549,-0.7788114828800549,1,0.5227235898859333,True
F-130,3391,Fig2A_dt0p1.csv,4,5548,5560,10.0,0.2029503639037849,True,0.9973547329353147,0.9973547329353147,3,0.7710566807659792,True
F-39,3404,Fig2A_dt0p1.csv,4,6000,6016,10.0,0.5700237856828,True,0.9893619841625898,0.9893619841625898,3,3.1679606451503015,True
F-119,3419,Fig2A_dt0p1.csv,4,6732,6750,10.0,0.2784220286746999,True,0.9648826999730257,0.9648826999730257,3,0.7552111424643897,True
F-39,3443,Fig2A_dt0p1.csv,4,7542,7563,10.0,0.48722761048139995,True,0.8997052639785087,-0.8997052639785087,2,0.19104837217533632,False
F-130,3450,Fig2A_dt0p1.csv,4,7752,7764,10.0,0.2853786691518001,True,0.9495820063614415,0.9495820063614415,3,0.41039040436866964,True
F-130,3514,Fig2A_dt0p1.csv,4,9554,9575,10.0,0.18547370383460002,True,0.9895097614882615,0.9895097614882615,0,1.5720845129028247,True
F-130,3532,Fig2A_dt0p1.csv,4,10099,10130,10.0,0.1747223446106999,True,0.983401682109816,0.983401682109816,2,1.106155848669079,True
F-130,3536,Fig2A_dt0p1.csv,4,10272,10293,10.0,0.4118255575907999,True,0.9755631074018593,0.9755631074018593,2,0.2857453779013078,True
F-119,3577,Fig2A_dt0p1.csv,4,11208,11240,10.0,0.24393798680769996,True,0.9526945169594033,0.9526945169594033,2,0.8449117965758928,True
